Upregulated_miR,Downregulated_miR,Significance,Coverage,Inc_Coverage,Mean_Fold_change_Up,Mean_Tumor_Normreads_Up,Mean_Normal_Normreads_Up,Mean_Fold_change_Down,Mean_Tumor_Normreads_Down,Mean_Normal_Normreads_Down
hsa-mir-542,hsa-mir-1976,<0.001,67.7,67.7,15.9116521439457,171.185332377359,4.36963675,20.4621818837382,4.34634548,156.095378625
hsa-mir-203b,hsa-mir-1180,<0.001,52.3,16.9,17.4761355898598,214.923689916667,3.80041275,19.8919099580161,3.95030620930233,161.0331725
hsa-mir-452,hsa-mir-1306,<0.001,40,7.7,9.35010249180665,146.372686852941,5.43272,15.0228887435237,3.89577786,128.755254
hsa-mir-19b-1,hsa-mir-133a-2,<0.001,32.3,3.1,37.4477070751082,188.280575978723,1.722692,9.18578655144186,4.24441165217391,399.671972625
hsa-mir-144,hsa-mir-149,<0.001,13.8,1.5,8.76904239206689,157.369506666667,1.881474125,9.41325337337222,5.05768428571429,239.692284125
