Upregulated_miR,Downregulated_miR,Significance,Coverage,Inc_Coverage,Mean_Fold_change_Up,Mean_Tumor_Normreads_Up,Mean_Normal_Normreads_Up,Mean_Fold_change_Down,Mean_Tumor_Normreads_Down,Mean_Normal_Normreads_Down
hsa-mir-542,hsa-mir-1976,<0.001,61.8,61.8,13.8543605649608,137.79708166129,4.36963675,15.6852533805425,4.84264966666667,156.095378625
hsa-mir-203b,hsa-mir-149,<0.001,50,21.1,26.343636507957,297.385096633333,3.80041275,15.5792432818703,4.3135262826087,239.692284125
hsa-mir-19b-1,hsa-mir-1306,<0.001,42.1,5.3,38.0913889868325,172.973583339623,1.722692,11.7276765281305,4.40707393478261,128.755254
hsa-mir-19b-1,hsa-mir-133a-1,<0.001,31.6,3.9,38.0913889868325,172.973583339623,1.722692,15.7196493673168,2.74950128571429,396.58920075
hsa-mir-203b,hsa-mir-1306,<0.001,47.4,1.3,26.343636507957,297.385096633333,3.80041275,11.7276765281305,4.40707393478261,128.755254
