Downregulated_miR,Significance,Coverage,Mean_Fold_change,Mean_Tumor_Reads_per_million,Mean_Normal_Reads_per_million
hsa-mir-1976,<0.001,71.1,21.218432360121,4.84264966666667,156.095378625
hsa-mir-1306,<0.001,60.5,17.1928088765958,4.40707393478261,128.755254
hsa-mir-149,<0.001,60.5,27.1429915165725,4.3135262826087,239.692284125
hsa-mir-1180,<0.001,55.3,25.7087818698286,4.68616619047619,161.0331725
hsa-mir-133a-2,<0.001,43.4,93.6603540385963,3.081679,399.671972625
hsa-mir-133a-1,<0.001,36.8,94.1451690760381,2.74950128571429,396.58920075
hsa-mir-328,<0.001,25,64.1950800529206,5.80704415789474,656.6174505
hsa-mir-874,<0.001,23.7,22.7784065331842,4.91904266666667,127.194163375
hsa-mir-486-2,<0.001,10.5,140.810889529879,5.135843125,1937.223317125
