Upregulated_miR,Significance_log10,Coverage,Inc_Coverage,Mean_Fold_change,Mean_Tumor_Reads_per_million,Mean_Normal_Reads_per_million
hsa-mir-542,-144,82.4,82.4,19.482922723845,164.281900970588,4.36963675
hsa-mir-203b,-89.9,76.9,14.8,31.7863649746619,241.254711083095,3.80041275
hsa-mir-19b-1,-124,71.4,0.9,51.0955189705368,159.274531728395,1.722692
hsa-mir-135b,-87,46.5,0.4,197.965399227522,166.686598677725,0.129476375
hsa-mir-452,-94.4,48.2,0.2,16.6618501642014,166.598653986301,5.43272
hsa-mir-577,-61.1,43.4,0.2,87.256898125428,227.197986279188,0.630585
