Downregulated_miR,Significance_log10,Coverage,Mean_Fold_change,Mean_Tumor_Reads_per_million,Mean_Normal_Reads_per_million
hsa-mir-1180,-5.27,53.7,30.4817496758456,4.29442970491803,161.0331725
hsa-mir-1306,-3.17,64.3,19.4051116514629,4.11716733561643,128.755254
hsa-mir-133a-1,-2.05,41.9,73.7560714824107,3.44363794210526,396.58920075
hsa-mir-149,-2.26,50.9,24.8258129889278,4.64752835064935,239.692284125
hsa-mir-1976,-3.99,68.1,23.0948834691527,4.72969863754046,156.095378625
hsa-mir-328,-3.79,26.2,62.486460549224,5.83883088235294,656.6174505
hsa-mir-486-1,-2.71,13,134.361449076197,5.20562008474576,1927.194855875
hsa-mir-486-2,-2.77,12.8,131.834028893282,5.50088877586207,1937.223317125
hsa-mir-874,-5.11,22.2,22.1868870964576,5.06841276237624,127.194163375
