Upregulated_miR,Downregulated_miR,Significance,Coverage,Inc_Coverage,Mean_Fold_change_Up,Mean_Tumor_Normreads_Up,Mean_Normal_Normreads_Up,Mean_Fold_change_Down,Mean_Tumor_Normreads_Down,Mean_Normal_Normreads_Down
hsa-mir-542,hsa-mir-1976,<0.001,56.2,56.2,16.6875674693153,176.947310285714,4.36963675,14.7314978850689,4.94474384883721,156.095378625
hsa-mir-203b,hsa-mir-1306,<0.001,48.5,20.8,19.3850066600864,238.162193174757,3.80041275,12.5509788570321,4.03177974074074,128.755254
hsa-mir-203b,hsa-mir-133a-2,<0.001,41.5,10,19.3850066600864,238.162193174757,3.80041275,16.0776651345193,3.39432883050847,399.671972625
hsa-mir-542,hsa-mir-149,<0.001,40,3.1,16.6875674693153,176.947310285714,4.36963675,11.6432777604625,4.88933539344262,239.692284125
hsa-mir-135b,hsa-mir-1180,<0.001,27.7,0.8,79.2243324335236,184.520319793104,0.129476375,13.9090565459785,4.48010513636364,161.0331725
hsa-mir-19b-1,hsa-mir-1180,<0.001,37.7,0.8,35.4271929624623,144.24150303,1.722692,13.9090565459785,4.48010513636364,161.0331725
hsa-mir-144,hsa-mir-133a-1,<0.001,16.9,0.8,8.41995228124954,126.198787461538,1.881474125,12.1711993552096,4.09254309433962,396.58920075
hsa-mir-203b,hsa-mir-874,<0.001,17.7,0.8,19.3850066600864,238.162193174757,3.80041275,7.0527622200981,5.24278634615385,127.194163375
