Upregulated_miR,Downregulated_miR,Significance,Coverage,Inc_Coverage,Mean_Fold_change_Up,Mean_Tumor_Normreads_Up,Mean_Normal_Normreads_Up,Mean_Fold_change_Down,Mean_Tumor_Normreads_Down,Mean_Normal_Normreads_Down
hsa-mir-542,hsa-mir-1976,<0.001,50.8,50.8,15.3547893764242,167.370586683099,4.36963675,15.1788842793346,4.63950251754386,156.095378625
hsa-mir-203b,hsa-mir-133a-2,<0.001,43.6,22.3,18.7705981569874,232.528687852713,3.80041275,20.5511646373399,2.89966386458333,399.671972625
hsa-mir-203b,hsa-mir-1306,<0.001,41.9,9.5,18.7705981569874,232.528687852713,3.80041275,12.5951722105563,4.17806904545455,128.755254
hsa-mir-542,hsa-mir-149,<0.001,44.7,4.5,15.3547893764242,167.370586683099,4.36963675,12.7873429735421,4.5410447311828,239.692284125
hsa-mir-203b,hsa-mir-1180,<0.001,34.6,2.2,18.7705981569874,232.528687852713,3.80041275,13.8606433874074,4.08578672727273,161.0331725
hsa-mir-542,hsa-mir-133a-1,<0.001,40.8,2.2,15.3547893764242,167.370586683099,4.36963675,22.4334784657299,3.12559214606742,396.58920075
hsa-mir-19b-1,hsa-mir-1180,<0.001,34.1,0.6,30.4540872472745,155.712999862069,1.722692,13.8606433874074,4.08578672727273,161.0331725
