Upregulated_miR,Significance,Coverage,Mean_Fold_change,Mean_Tumor_Reads_per_million,Mean_Normal_Reads_per_million
hsa-mir-542,<0.001,79.3,19.355856566799,167.370586683099,4.36963675
hsa-mir-203b,<0.001,72.1,30.6398567344912,232.528687852713,3.80041275
hsa-mir-19b-1,<0.001,64.8,50.346122136567,155.712999862069,1.722692
hsa-mir-452,<0.001,41.3,16.0727529345304,160.812201527027,5.43272
hsa-mir-144,<0.001,32.4,24.1852109268739,159.70534737931,1.881474125
hsa-mir-708,<0.001,25.1,21.6076134956419,91.1077335111111,1.42991575
hsa-mir-98,<0.001,13.4,15.3438671237249,91.5621689166667,3.3983145
hsa-mir-660,<0.001,12.8,16.4676311606237,141.363516478261,4.689253625
